enunciado,area
"
QUESTÃO 01
Sentimos que toda satisfação de nossos desejos 
advinda do mundo assemelha-se à esmola que mantém 
hoje o mendigo vivo, porém prolonga amanhã a sua 
fome. A resignação, ao contrário, assemelha-se à 
fortuna herdada: livra o herdeiro para sempre de todas 
as preocupações.
SCHOPENHAUER, A. Aforismo para a sabedoria da vida. São Paulo: Martins Fontes, 2005.
O trecho destaca uma ideia remanescente de uma 
se mostra indissociavelmente ligada à
A consagração de relacionamentos afetivos.
B administração da independência interior.
C fugacidade do conhecimento empírico. 
D liberdade de expressão religiosa. 
E busca de prazeres efêmeros.",ciências humanas
"
QUESTÃO 02
Batizado por Tancredo Neves de “Nova República”, 
o período que marca o reencontro do Brasil com os 
governos civis e a democracia ainda não completou 
seu quinto ano e já viveu dias de grande comoção. 
Começou com a tragédia de Tancredo, seguiu pela 
euforia do Plano Cruzado, conheceu as depressões da 
na movimentação que antecede as primeiras eleições 
diretas para presidente em 29 anos.
O álbum dos presidentes: a história vista pelo JB. Jornal do Brasil, 15 nov. 1989.
O período descrito apresenta continuidades e rupturas 
em relação à conjuntura histórica anterior. Uma dessas 
continuidades consistiu na
A representação do legislativo com a fórmula do 
bipartidarismo.
B detenção de lideranças populares por crimes de 
subversão.
C presença de políticos com trajetórias no regime 
autoritário.
D prorrogação das restrições advindas dos atos 
institucionais.
E estabilidade da economia com o congelamento anual 
de preços.",ciências humanas
"
QUESTÃO 03
Os moradores de Andalsnes, na Noruega, poderiam 
se dar ao luxo de morar perto do trabalho nos dias úteis e 
E sem sair da mesma casa. Bastaria achar uma vaga 
para estacionar o imóvel antes de curtir o novo endereço.
Disponível em: http://casavogue.globo.com. Acesso em: 3 out. 2015 (adaptado).
Uma vez implementada, essa proposta afetaria a 
dinâmica do espaço urbano por reduzir a intensidade do 
seguinte processo:
A Êxodo rural.
B Movimento pendular.
C Migração de retorno.
D Deslocamento sazonal.
E Ocupação de áreas centrais.",ciências humanas
"
QUESTÃO 04
O Rio de Janeiro tem projeção imediata no próprio 
estado e no Espírito Santo, em parcela do sul do estado 
da Bahia, e na Zona da Mata, em Minas Gerais, onde 
      
a rede urbana do Rio de Janeiro, entre outras cidades: 
Vitória, Juiz de Fora, Cachoeiro de Itapemirim, Campos 
dos Goytacazes, Volta Redonda - Barra Mansa, Teixeira 
de Freitas, Angra dos Reis e Teresópolis.
Disponível em: http://ibge.gov.br. Acesso em: 9 jul. 2015 (adaptado).
O conceito que expressa a relação entre o espaço 
apresentado e a cidade do Rio de Janeiro é:
A Frente pioneira.
B Zona de transição.
C Região polarizada.
D Área de conurbação.
E Periferia metropolitana.



CH - 1º dia | Caderno 1 - AZUL - Página 3
*AZUL75SAB3*",ciências humanas
"
QUESTÃO 05
TEXTO I
Documentos do século XVI algumas vezes se 
referem aos habitantes indígenas como “os brasis”, 
ou “gente brasília” e, ocasionalmente no século 
XVII, o termo “brasileiro” era a eles aplicado, mas as 
referências ao status econômico e jurídico desses 
eram muito mais populares. Assim, os termos “negro 
da terra” e “índios” eram utilizados com mais frequência 
do que qualquer outro.
SCHWARTZ, S. B. Gente da terra braziliense da nação. Pensando o Brasil: a construção de 
um povo. In: MOTA, C. G. (Org.). Viagem incompleta: a experiência brasileira (1500-2000). 
São Paulo: Senac, 2000 (adaptado).
TEXTO II
Índio é um conceito construído no processo de 
conquista da América pelos europeus. Desinteressados 
pela diversidade cultural, imbuídos de forte preconceito 
para com o outro, o indivíduo de outras culturas, 
espanhóis, portugueses, franceses e anglo-saxões 
terminaram por denominar da mesma forma povos tão 
díspares quanto os tupinambás e os astecas.
SILVA, K. V.; SILVA, M. H. Dicionário de conceitos históricos. São Paulo: Contexto, 2005.
Ao comparar os textos, as formas de designação dos 
grupos nativos pelos europeus, durante o período 
analisado, são reveladoras da
A concepção idealizada do território, entendido como 

B percepção corrente de uma ancestralidade comum às 
populações ameríndias.
C compreensão etnocêntrica acerca das populações 
dos territórios conquistados.
D transposição direta das categorias originadas no 
imaginário medieval.
E        
riqueza.",ciências humanas
"
QUESTÃO 06
Ser ou não ser — eis a questão.
Morrer — dormir — Dormir! Talvez sonhar. Aí está o obstáculo!
Os sonhos que hão de vir no sono da morte 
Quando tivermos escapado ao tumulto vital

Que dá à desventura uma vida tão longa.
SHAKESPEARE, W. Hamlet. Porto Alegre: L&PM, 2007.
Este solilóquio pode ser considerado um precursor do 
existencialismo ao enfatizar a tensão entre
A consciência de si e angústia humana.
B inevitabilidade do destino e incerteza moral.
C tragicidade da personagem e ordem do mundo.
D racionalidade argumentativa e loucura iminente.
E dependência paterna e impossibilidade de ação.",ciências humanas
"
QUESTÃO 07
TEXTO I 
Tradução: “As mulheres do futuro farão da Lua um
 lugar mais limpo para se viver”.
Disponível em: www.propagandashistoricas.com.br. Acesso em: 16 out. 2015.
TEXTO II 
Metade da nova equipe da Nasa 
é composta por mulheres
Até hoje, cerca de 350 astronautas americanos 
já estiveram no espaço, enquanto as mulheres não 
chegam a ser um terço desse número. Após o anúncio 
da turma composta 50% por mulheres, alguns internautas 
escreveram comentários machistas e desrespeitosos 
sobre a escolha nas redes sociais.
Disponível em: https://catracalivre.com.br. Acesso em: 10 mar. 2016.
A comparação entre o anúncio publicitário de 1968 e a 
repercussão da notícia de 2016 mostra a
A 
B 
C ambição de indústrias patrocinadoras.
D manutenção de estereótipos de gênero.
E equiparação de papéis nas relações familiares.



CH - 1º dia | Caderno 1 - AZUL - Página 4
*AZUL75SAB4*",ciências humanas
"
QUESTÃO 08
A África Ocidental é conhecida pela dinâmica das 
suas mulheres comerciantes, caracterizadas pela perícia, 
autonomia e mobilidade. A sua presença, que fora 
atestada por viajantes e por missionários portugueses que 
visitaram a costa a partir do século XV, consta também na 
ampla documentação sobre a região. A literatura é rica 
em referências às grandes mulheres como as vendedoras 
ambulantes, cujo jeito para o negócio, bem como a 
autonomia e mobilidade, é tão típico da região.
HAVIK, P. Dinâmicas e assimetrias afro-atlânticas: a agência feminina e representações em 
mudança na Guiné (séculos XIX e XX). In: PANTOJA, S. (Org.). Identidades, memórias e 
histórias em terras africanas. Brasília: LGE; Luanda: Nzila, 2006.
A abordagem realizada pelo autor sobre a vida social da 
África Ocidental pode ser relacionada a uma característica 
marcante das cidades no Brasil escravista nos séculos 
XVIII e XIX, que se observa pela
A restrição à realização do comércio ambulante por 
africanos escravizados e seus descendentes.
B convivência entre homens e mulheres livres, de 
diversas origens, no pequeno comércio.
C presença de mulheres negras no comércio de rua de 
diversos produtos e alimentos.
D dissolução dos hábitos culturais trazidos do continente 
de origem dos escravizados.
E entrada de imigrantes portugueses nas atividades 
ligadas ao pequeno comércio urbano.",ciências humanas
"
QUESTÃO 09
Quanto mais complicada se tornou a produção 
industrial, mais numerosos passaram a ser os elementos 
da indústria que exigiam garantia de fornecimento.
Três deles eram de importância fundamental: o trabalho, 
a terra e o dinheiro. Numa sociedade comercial, esse 
fornecimento só poderia ser organizado de uma forma: 
tornando-os disponíveis à compra. Agora eles tinham que 
ser organizados para a venda no mercado. Isso estava 
de acordo com a exigência de um sistema de mercado. 
Sabemos que em um sistema como esse, os lucros só 
podem ser assegurados se se garante a autorregulação 
por meio de mercados competitivos interdependentes.
POLANYI, K. A grande transformação: as origens de nossa época.
 Rio de Janeiro: Campus, 2000 (adaptado). 
A 
consequência 
do 
processo 
de 
transformação 
socioeconômica abordado no texto é a
A expansão das terras comunais.
B limitação do mercado como meio de especulação.
C consolidação da força de trabalho como mercadoria.
D diminuição do comércio como efeito da industrialização.
E adequação do dinheiro como elemento padrão 
das transações.",ciências humanas
"
QUESTÃO 10
O que ocorreu na Bahia de 1798, ao contrário das 
outras situações de contestação política na América 
portuguesa, é que o projeto que lhe era subjacente 
não tocou somente na condição, ou no instrumento, da 
integração subordinada das colônias no império luso. 
Dessa feita, ao contrário do que se deu nas Minas Gerais 
(1789), a sedição avançou sobre a sua decorrência.
JANCSÓ, I.; PIMENTA, J. P. Peças de um mosaico. In: MOTA, C. G. (Org.). Viagem incompleta:
a experiência brasileira (1500-2000). São Paulo: Senac, 2000.
A diferença entre as sedições abordadas no texto 
encontrava-se na pretensão de
A eliminar a hierarquia militar.
B abolir a escravidão africana. 
C anular o domínio metropolitano.
D suprimir a propriedade fundiária.
E extinguir o absolutismo monárquico.



CH - 1º dia | Caderno 1 - AZUL - Página 5
*AZUL75SAB5*",ciências humanas
"
QUESTÃO 11
TEXTO I
Disponível em: http://portal.iphan.gov.br. Acesso em: 6 abr. 2016.
TEXTO II
A eleição dos novos bens, ou melhor, de novas 
formas de se conceber a condição do patrimônio cultural 
nacional, também permite que diferentes grupos sociais, 
utilizando as leis do Estado e o apoio de especialistas, 
revejam as imagens e alegorias do seu passado, do que 

ABREU, M.; SOIHET, R.; GONTIJO, R. (Org.). Cultura política e leituras do passado:
. Rio de Janeiro: Civilização Brasileira, 2007.
O texto chama a atenção para a importância da proteção 
de bens que, como aquele apresentado na imagem, se 

A Artefatos sagrados.
B Heranças materiais.
C Objetos arqueológicos.
D Peças comercializáveis.
E Conhecimentos tradicionais.",ciências humanas
"
QUESTÃO 12
No início de maio de 2014, a instalação da 
plataforma petrolífera de perfuração HYSY-981 nas 
águas contestadas do Mar da China Meridional 
suscitou especulações sobre as motivações chinesas. 
Na avaliação de diversos observadores ocidentais, 
Pequim pretendeu, com esse gesto, demonstrar que 
pode impor seu controle e dissuadir outros países de 
seguir com suas reivindicações de direito de exploração 
dessas águas, como é o caso do Vietnã e das Filipinas.
KLARE, M.T. A guerra pelo petróleo se joga no mar. Le Monde Diplomatique Brasil, abr. 2015.
A ação da China em relação à situação descrita no texto 

A Distribuição das zonas econômicas especiais.
B Monopólio das inovações tecnológicas extrativas.
C Dinamização da atividade comercial. 
D Jurisdição da soberania territorial.
E Embargo da produção industrial.",ciências humanas
"
QUESTÃO 13
A Operação Condor está diretamente vinculada 
às experiências históricas das ditaduras civil-militares 
que se disseminaram pelo Cone Sul entre as décadas 
de 1960 e 1980. Depois do Brasil (e do Paraguai de 
Stroessner), foi a vez da Argentina (1966), Bolívia 
(1966 e 1971), Uruguai e Chile (1973) e Argentina 
(novamente, em 1976). Em todos os casos se 
instalaram ditaduras civil-militares (em menor ou 
maior medida) com base na Doutrina de Segurança 
Nacional e tendo como principais características um 
anticomunismo militante, a identificação do inimigo 
interno, a imposição do papel político das Forças 
Armadas e a definição de fronteiras ideológicas.
PADRÓS, E. S. et al. Ditadura de Segurança Nacional no Rio Grande do Sul (1964-1985):
história e memória. Porto Alegre: Corag, 2009 (adaptado).
Levando-se em conta o contexto em que foi criada, a 
referida operação tinha como objetivo coordenar a
A 
B 
C interferência de potências mundiais.
D repressão de ativistas oposicionistas.
E implantação de governos nacionalistas.",ciências humanas
"
QUESTÃO 14
A regulação das relações de trabalho compõe uma 
estrutura complexa, em que cada elemento se ajusta aos 
demais. A Justiça do Trabalho é apenas uma das peças 
dessa vasta engrenagem. A presença de representantes 
classistas na composição dos órgãos da Justiça do 
Trabalho é também resultante da montagem dessa 
      
característica. Instituída pela Constituição de 1934, a 
Justiça do Trabalho só vicejou no ambiente político do 
Estado Novo instaurado em 1937.
ROMITA, A. S. Justiça do Trabalho: produto do Estado Novo. In: PANDOLFI, D. (Org.). 
Repensando o Estado Novo. Rio de Janeiro: Editora FGV, 1999.
A criação da referida instituição estatal na conjuntura 
histórica abordada teve por objetivo 
A legitimar os protestos fabris. 
B 
C 
D assegurar os princípios liberais.
E 



CH - 1º dia | Caderno 1 - AZUL - Página 6
*AZUL75SAB6*",ciências humanas
"
QUESTÃO 15
Hoje, a indústria cultural assumiu a herança civilizatória da democracia de pioneiros e empresários, que tampouco 

mesmo modo que, desde a neutralização histórica da religião, são livres para entrar em qualquer uma das inúmeras 

setores como a liberdade de escolher o que é sempre a mesma coisa.
ADORNO, T; HORKHEIMER, M. Dialética do esclarecimento
A liberdade de escolha na civilização ocidental, de acordo com a análise do texto, é um(a)
A legado social.
B patrimônio político.
C produto da moralidade.
D conquista da humanidade.
E ilusão da contemporaneidade.",ciências humanas
"
QUESTÃO 16

Vietnã
Cingapura
Brunei Darussalam
Malásia
Austrália
Japão
Nova Zelândia
Chile
Peru
México
Estados Unidos
Canadá
Disponível em: http://portuguese.brazil.usembassy.gov. Acesso em: 11 maio 2016 (adaptado).
Dentro das atuais redes produtivas, o referido bloco apresenta composição estratégica por se tratar de um conjunto 
de países com
A elevado padrão social.
B sistema monetário integrado.
C alto desenvolvimento tecnológico.
D identidades culturais semelhantes.
E vantagens locacionais complementares.



CH - 1º dia | Caderno 1 - AZUL - Página 7
*AZUL75SAB7*",ciências humanas
"
QUESTÃO 17
Disponível em: www.unric.org. Acesso em: 9 ago. 2013.


A
B
C
D
E",ciências humanas
"
QUESTÃO 18
Segundo a Conferência de Quioto, os países 
centrais industrializados, responsáveis históricos pela 
poluição, deveriam alcançar a meta de redução de 
5,2% do total de emissões segundo níveis de 1990. 
O nó da questão é o enorme custo desse processo, 
demandando mudanças radicais nas indústrias para 
que se adaptem rapidamente aos limites de emissão 
estabelecidos e adotem tecnologias energéticas limpas. 
A comercialização internacional de créditos de sequestro 
ou de redução de gases causadores do efeito estufa 
foi a solução encontrada para reduzir o custo global do 
processo. Países ou empresas que conseguirem reduzir 
as emissões abaixo de suas metas poderão vender este 
crédito para outro país ou empresa que não consiga.
BECKER, B. Amazônia: geopolítica na virada do II milênio. Rio de Janeiro: Garamond, 2009.
As posições contrárias à estratégia de compensação 
presente no texto relacionam-se à ideia de que
ela promove
A retração nos atuais níveis de consumo.
B 
C diminuição dos lucros na produção de energia.
D desigualdade na distribuição do impacto ecológico.
E decréscimo 
dos 
índices 
de 
desenvolvimento 
econômico.",ciências humanas
"
QUESTÃO 19
Dados recentes mostram que muitos são os 
países periféricos que dependem dos recursos 
enviados pelos imigrantes que estão nos países 
centrais. Grande parte dos países da América Latina, 
por exemplo, depende hoje das remessas de seus 
imigrantes. Para se ter uma ideia mais concreta, 
recentes dados divulgados pela ONU revelaram 
que somente os indianos recebem 10 bilhões de 
dólares de seus compatriotas no exterior. No México, 
segundo maior volume de divisas, esse valor chega 
a 9,9 bilhões de dólares e nas Filipinas, o terceiro, a 
8,4 bilhões.
HAESBAERT, R.; PORTO-GONÇALVES, C. W. A nova des-ordem mundial.
São Paulo: Edunesp, 2006.
Um aspecto do mundo globalizado que facilitou a 
ocorrência do processo descrito, na transição do 
século XX para o século XXI, foi o(a)
A integração de culturas distintas.
B avanço técnico das comunicações.
C quebra de barreiras alfandegárias.
D 
E desconcentração espacial da produção.



CH - 1º dia | Caderno 1 - AZUL - Página 8
*AZUL75SAB8*",ciências humanas
"
QUESTÃO 20
Nunca nos tornaremos matemáticos, por exemplo, 
embora nossa memória possua todas as demonstrações 
feitas por outros, se nosso espírito não for capaz de 
resolver toda espécie de problemas; não nos tornaríamos 
         
Aristóteles, sem poder formular um juízo sólido sobre 
o que nos é proposto. Assim, de fato, pareceríamos ter 
aprendido, não ciências, mas histórias.
DESCARTES, R. Regras para a orientação do espírito. São Paulo: Martins Fontes, 1999.
Em sua busca pelo saber verdadeiro, o autor considera o 
conhecimento, de modo crítico, como resultado da
A investigação de natureza empírica.
B retomada da tradição intelectual.
C imposição de valores ortodoxos.
D autonomia do sujeito pensante.
E liberdade do agente moral.",ciências humanas
"
QUESTÃO 21
Pois quem seria tão inútil ou indolente a ponto 
de não desejar saber como e sob que espécie de 
constituição os romanos conseguiram em menos de 
cinquenta e três anos submeter quase todo o mundo 
habitado ao seu governo exclusivo — fato nunca antes 
ocorrido? Ou, em outras palavras, quem seria tão 
apaixonadamente devotado a outros espetáculos ou 
estudos a ponto de considerar qualquer outro objetivo 
mais importante que a aquisição desse conhecimento?
POLÍBIO. História. Brasília: Editora UnB, 1985.
A experiência a que se refere o historiador Políbio, nesse 
texto escrito no século II a.C., é a
A ampliação do contingente de camponeses livres.
B consolidação do poder das falanges hoplitas.
C concretização do desígnio imperialista.
D adoção do monoteísmo cristão.
E libertação do domínio etrusco.",ciências humanas
"
QUESTÃO 22
SATRAPI, M. Persépolis. São Paulo: Cia. das Letras, 2007 (adaptado).
A memória recuperada pela autora apresenta a 
relação entre
A 
B organização familiar e proteção à infância.
C centralização econômica e pregação religiosa.
D estrutura educacional e desigualdade de renda.
E ",ciências humanas
"
QUESTÃO 23
TEXTO I
Fragmento B91: Não se pode banhar duas vezes no 
mesmo rio, nem substância mortal alcançar duas vezes 
a mesma condição; mas pela intensidade e rapidez da 
mudança, dispersa e de novo reúne.
HERÁCLITO. Fragmentos (Sobre a natureza). São Paulo: Abril Cultural, 1996 (adaptado).
TEXTO II
Fragmento B8: São muitos os sinais de que o ser 
é ingênito e indestrutível, pois é compacto, inabalável 
           
homogêneo, uno, contínuo. Como poderia o que é 
perecer? Como poderia gerar-se?
PARMÊNIDES. Da natureza. São Paulo: Loyola, 2002 (adaptado).
Os fragmentos do pensamento pré-socrático expõem 
uma oposição que se insere no campo das
A investigações do pensamento sistemático.
B preocupações do período mitológico.
C discussões de base ontológica.
D habilidades da retórica sofística.
E verdades do mundo sensível.



CH - 1º dia | Caderno 1 - AZUL - Página 9
*AZUL75SAB9*",ciências humanas
"
QUESTÃO 24
      
        
meio de argumentação razoável, tentar chegar a um 
acordo sobre as políticas que seja satisfatório para 

à deliberação por acreditar que, no mundo real da 
     
procedimentos e resultados, processos democráticos 
que parecem cumprir as normas de deliberação 
      
poderosos. Ela recomenda, portanto, que aqueles que 
se preocupam com a promoção de mais justiça devem 
realizar principalmente a atividade de oposição crítica, 
em vez de tentar chegar a um acordo com quem sustenta 


Revista Brasileira de Ciência Política, n. 13, jan.-abr. 2014.
As concepções de democracia deliberativa e de 
democracia ativista apresentadas no texto tratam como 
imprescindíveis, respectivamente,
A a decisão da maioria e a uniformização de direitos.
B a organização de eleições e o movimento anarquista.
C a obtenção do consenso e a mobilização das minorias.
D a fragmentação da participação e a desobediência civil.
E a imposição de resistência e o monitoramento da 
liberdade.",ciências humanas
"
QUESTÃO 25
A promessa da tecnologia moderna se converteu 
em uma ameaça, ou esta se associou àquela de forma 
indissolúvel. Ela vai além da constatação da ameaça 
física. Concebida para a felicidade humana, a submissão 
da natureza, na sobremedida de seu sucesso, que agora 
se estende à própria natureza do homem, conduziu 
         
própria ação. O novo continente da práxis coletiva que 
adentramos com a alta tecnologia ainda constitui, para a 
teoria ética, uma terra de ninguém.
JONAS, H. O princípio da responsabilidade. Rio de Janeiro: 
Contraponto; Editora PUC-Rio, 2011 (adaptado).
As implicações éticas da articulação apresentada no texto 
impulsionam a necessidade de construção de um novo 
padrão de comportamento, cujo objetivo consiste em 
garantir o(a)
A pragmatismo da escolha individual.
B sobrevivência de gerações futuras.
C fortalecimento de políticas liberais.
D valorização de múltiplas etnias.
E promoção da inclusão social.",ciências humanas
"
QUESTÃO 26
TEXTO I
Imagem de São Benedito. Disponível em: http://acervo.bndigital.bn.br.
 Acesso em: 6 jan. 2016 (adaptado).
TEXTO II
Os santos tornaram-se grandes aliados da Igreja para 
atrair novos devotos, pois eram obedientes a Deus e ao 
poder clerical. Contando e estimulando o conhecimento 

ensinamentos que julgava corretos e que deviam ser 
imitados por escravos que, em geral, traziam outras 
crenças de suas terras de origem, muito diferentes das 
que preconizava a fé católica.
OLIVEIRA, A. J. Negra devoção. Revista de História da Biblioteca Nacional,
 n. 20, maio 2007 (adaptado).
     
irmandades e no contato com outra matriz religiosa, o 
ícone e a prática mencionada no texto estiveram desde 
o século XVII relacionados a um esforço da Igreja 
Católica para
A reduzir o poder das confrarias.
B cristianizar a população afro-brasileira.
C espoliar recursos materiais dos cativos.
D recrutar libertos para seu corpo eclesiástico.
E atender a demanda popular por padroeiros locais.



CH - 1º dia | Caderno 1 - AZUL - Página 10
*AZUL75SAB10*",ciências humanas
"
QUESTÃO 27
Em 1935, o governo brasileiro começou a negar vistos 
a judeus. Posteriormente, durante o Estado Novo, uma 
circular secreta proibiu a concessão de vistos a “pessoas 
de origem semita”, inclusive turistas e negociantes, o que 
causou uma queda de 75% da imigração judaica ao longo 
daquele ano. Entretanto, mesmo com as imposições da 
lei, muitos judeus continuaram entrando ilegalmente no 
país durante a guerra e as ameaças de deportação em 
massa nunca foram concretizadas, apesar da extradição 
de alguns indivíduos por sua militância política.
GRIMBERG, K. Nova língua interior: 500 anos de história dos judeus no Brasil. In: IBGE. 
Brasil: 500 anos de povoamento. Rio de Janeiro: IBGE, 2000 (adaptado).
Uma razão para a adoção da política de imigração 
mencionada no texto foi o(a)
A receio do controle sionista sobre a economia nacional.
B reserva de postos de trabalho para a mão de obra 
local.
C oposição do clero católico à expansão de novas 
religiões.
D apoio da diplomacia varguista às opiniões dos 
líderes árabes.
E simpatia de membros da burocracia pelo projeto 
totalitário alemão.",ciências humanas
"
QUESTÃO 28
       
justo ou injusto; e que, da mesma maneira, nada existe do 
ponto de vista da verdade; que os homens agem apenas 
segundo a lei e o costume, nada sendo mais isto do que 
aquilo. Ele levou uma vida de acordo com esta doutrina, 
nada procurando evitar e não se desviando do que quer 
que fosse, suportando tudo, carroças, por exemplo, 
precipícios, cães, nada deixando ao arbítrio dos sentidos.
LAÉRCIO, D. . Brasília: Editora UnB, 1988.
O ceticismo, conforme sugerido no texto, caracteriza-se por:
A Desprezar quaisquer convenções e obrigações 
da sociedade.
B Atingir o verdadeiro prazer como o princípio e o 
fim da vida feliz. 
C Defender a indiferença e a impossibilidade de 
obter alguma certeza.
D Aceitar o determinismo e ocupar-se com a 
esperança transcendente.
E 
homem bom e belo.",ciências humanas
"
QUESTÃO 29
O conceito de função social da cidade incorpora a 
organização do espaço físico como fruto da regulação 
social, isto é, a cidade deve contemplar todos os seus 
moradores e não somente aqueles que estão no mercado 
formal da produção capitalista da cidade. A tradição dos 

sempre partiram do pressuposto de que a cidade não tem 
divisões entre os incluídos e os excluídos socialmente.
QUINTO JR., L. P. Nova legislação urbana e os velhos fantasmas.
Estudos Avançados (USP), n. 47, 2003 (adaptado).
Uma política governamental que contribui para viabilizar a 
função social da cidade, nos moldes indicados no texto, é a
A 





periféricos.
B implantação de centros comerciais em eixos 
rodoviários.
C proibição de construções residenciais em regiões 
íngremes.
D disseminação de equipamentos culturais em locais 
turísticos.
E desregulamentação do setor imobiliário em áreas 
favelizadas.",ciências humanas
"
QUESTÃO 30
O bioma Cerrado foi considerado recentemente 
um dos 25 hotspots de biodiversidade do mundo, 
segundo uma análise em escala mundial das regiões 
     
conservação. O conceito de hotspot foi criado tendo 
em vista a escassez de recursos direcionados para 
conservação, com o objetivo de apresentar os chamados 
“pontos quentes”, ou seja, locais para os quais existe 
maior necessidade de direcionamento de esforços, 
buscando evitar a extinção de muitas espécies que 
estão altamente ameaçadas por ações antrópicas.
PINTO, P. P.; DINIZ-FILHO, J. A. F. In: ALMEIDA, M. G. (Org.). Tantos cerrados:
múltiplas abordagens sobre a biogeodiversidade e singularidade cultural.
Goiânia: Vieira, 2005 (adaptado).
A necessidade desse tipo de ação na área mencionada 
tem como causa a
A 
B implantação de parques ecológicos.
C exploração dos recursos minerais.
D elevação do extrativismo vegetal.
E expansão da fronteira agrícola.



CH - 1º dia | Caderno 1 - AZUL - Página 11
*AZUL75SAB11*",ciências humanas
"
QUESTÃO 31
TEXTO I
Mais de 50 mil refugiados entraram no território 
húngaro apenas no primeiro semestre de 2015. 
Budapeste lançou os “trabalhos preparatórios” para a 
construção de um muro de quatro metros de altura e 
175 km ao longo de sua fronteira com a Sérvia, informou 
o ministro húngaro das Relações Exteriores. “Uma 
        
imigração é muito demorada, e a Hungria não pode 


TEXTO II
O Alto Comissariado das Nações Unidas para 
Refugiados (ACNUR) critica as manifestações de 
xenofobia adotadas pelo governo da Hungria. O país foi 
invadido por cartazes nos quais o chefe do executivo insta 
os imigrantes a respeitarem as leis e a não “roubarem” 
os empregos dos húngaros. Para o ACNUR, a medida é 
surpreendente, pois a xenofobia costuma ser instigada 
por pequenos grupos radicais e não pelo próprio governo 
do país.
Disponível em: http://pt.euronews.com. Acesso em: 19 jun. 2015 (adaptado).
O posicionamento governamental citado nos textos é 
criticado pelo ACNUR por ser considerado um caminho 
para o(a)
A alteração do regime político.
B fragilização da supremacia nacional.
C 
D cerceamento da liberdade de expressão.
E fortalecimento das práticas de discriminação.",ciências humanas
"
QUESTÃO 32
A sociologia ainda não ultrapassou a era das 
       
assumir a tarefa de lançar luz sobre uma parcela restrita 
do campo social, ela prefere buscar as brilhantes 
generalidades em que todas as questões são levantadas 
sem 
que 
nenhuma 
seja 
expressamente 
tratada.
Não é com exames sumários e por meio de intuições 
rápidas que se pode chegar a descobrir as leis de uma 
realidade tão complexa. Sobretudo, generalizações às 
vezes tão amplas e tão apressadas não são suscetíveis 
de nenhum tipo de prova. 
DURKHEIM, E. O suicídio: estudo de sociologia. São Paulo: Martins Fontes, 2000.
O texto expressa o esforço de Émile Durkheim em 
construir uma sociologia com base na
A 
B reunião de percepções intuitivas para demonstração.
C formulação de hipóteses subjetivas sobre a vida 
social.
D adesão aos padrões de investigação típicos das 
ciências naturais.
E incorporação de um conhecimento alimentado pelo 
engajamento político.",ciências humanas
"
QUESTÃO 33
Disponível em: www.imageforum-diffusion.afp.com. Acesso em: 6 jan. 2016.
O regime do Apartheid adotado de 1948 a 1994 na 
África do Sul fundamentava-se em ações estatais de 
segregacionismo racial. Na imagem, fuzileiros navais 
fazem valer a “lei do passe” que regulamentava o(a)
A concentração fundiária, impedindo os negros de 
tomar posse legítima do uso da terra.
B boicote econômico, proibindo os negros de consumir 
produtos ingleses sem resistência armada.
C sincretismo religioso, vetando os ritos sagrados dos 

D controle sobre a movimentação, desautorizando 
os negros a transitar em determinadas áreas das 
cidades.
E exclusão do mercado de trabalho, negando à 
população negra o acesso aos bens de consumo.",ciências humanas
"
QUESTÃO 34
A linhagem dos primeiros críticos ambientais 
brasileiros não praticou o elogio laudatório da beleza e 
da grandeza do meio natural brasileiro. O meio natural foi 
elogiado por sua riqueza e potencial econômico, sendo 
sua destruição interpretada como um signo de atraso, 
ignorância e falta de cuidado.
PÁDUA, J. A. Um sopro de destruição: pensamento político e crítica ambiental no Brasil 
escravista (1786-1888). Rio de Janeiro: Zahar, 2002 (adaptado).
Descrevendo a posição dos críticos ambientais brasileiros 
dos séculos XVIII e XIX, o autor demonstra que, via de 
regra, eles viam o meio natural como
A ferramenta essencial para o avanço da nação.
B dádiva divina para o desenvolvimento industrial.
C paisagem privilegiada para a valorização fundiária.
D 
E obstáculo climático para o estabelecimento da 
civilização.



CH - 1º dia | Caderno 1 - AZUL - Página 12
*AZUL75SAB12*",ciências humanas
"
QUESTÃO 35

fortalecimento do poder do Estado antes que o predomínio do coronel. Nessa concepção, o coronelismo é, então, um 
sistema político nacional, com base em barganhas entre o governo e os coronéis. O coronel tem o controle dos cargos 
públicos, desde o delegado de polícia até a professora primária. O coronel hipoteca seu apoio ao governo, sobretudo 
na forma de voto.
CARVALHO, J. M. Pontos e bordados: escritos de história política. Belo Horizonte: Editora UFMG, 1998 (adaptado).
No contexto da Primeira República no Brasil, as relações políticas descritas baseavam-se na
A coação das milícias locais.
B estagnação da dinâmica urbana.
C valorização do proselitismo partidário.
D disseminação de práticas clientelistas.
E centralização de decisões administrativas.",ciências humanas
"
QUESTÃO 36
Dessalinização das águas
Capacidade total de dessalinização das águas salobras ou salinas (por país em metros cúbicos por dia)
Estados Unidos
5 653 941
Espanha
2 588 658
Em irados Árabes Unidos
6 228 017
Arábia Saudita
6 879 869
Kuwait
2 111 558
Japão
1 054 274
Capacidade instalada (m ³/dia):
5 001 a 50 000
50 001 a 500 000
500 001 a 1 000 000
acim a de 1 000 000
EUA. Relatório da Academia Nacional de Ciências, 2008 (adaptado).
Conforme a análise do documento cartográfico, a área de concentração das usinas de dessalinização é 
explicada pelo(a)
A pioneirismo tecnológico.
B condição hidropedológica.
C escassez de água potável.
D efeito das mudanças climáticas.
E busca da sustentabilidade ambiental.



CH - 1º dia | Caderno 1 - AZUL - Página 13
*AZUL75SAB13*",ciências humanas
"
QUESTÃO 37
Vi os homens sumirem-se numa grande tristeza.
Os melhores cansaram-se das suas obras. Proclamou-se 
uma doutrina e com ela circulou uma crença: Tudo é 
oco, tudo é igual, tudo passou! O nosso trabalho foi 
inútil; o nosso vinho tornou-se veneno; o mau olhado 
amareleceu-nos os campos e os corações. Secamos 
de todo, e se caísse fogo em cima de nós, as nossas 
cinzas voariam em pó. Sim; cansamos o próprio fogo. 
Todas as fontes secaram para nós, e o mar retirou-se. 
Todos os solos se querem abrir, mas os abismos não 
nos querem tragar!
NIETZSCHE, F. Assim falou Zaratustra. Rio de Janeiro: Ediouro, 1977.
O texto exprime uma construção alegórica, que traduz um 
entendimento da doutrina niilista, uma vez que
A reforça a liberdade do cidadão.
B desvela os valores do cotidiano.
C exorta as relações de produção.
D destaca a decadência da cultura.
E ",ciências humanas
"
QUESTÃO 38
O Cruzeiro, década de 1960. Disponível em: www.memoriaviva.com.br.
Acesso em: 28 fev. 2012 (adaptado).
No anúncio, há referências a algumas das transformações 
ocorridas no Brasil nos anos 1950 e 1960. No entanto, 
tais referências omitem transformações que impactaram 
segmentos da população, como a
A exaltação da tradição colonial.
B 
C ampliação da imigração internacional.
D 
E desconcentração da produção industrial.",ciências humanas
"
QUESTÃO 39
Pesca industrial provoca destruição na África
O 
súbito 
desaparecimento 
do 
bacalhau 
dos 

— o que ninguém havia previsto —, teve o efeito de 
um eletrochoque planetário. Lançada pelos bascos 
no século XV, a pesca e depois a sobrepesca desse 
grande peixe de água fria levaram ao impensável.
Ao Canadá o bacalhau nunca mais voltou. E o que 
ocorreu no Atlântico Norte está acontecendo em outros 
mares. Os maiores navios do mundo seguem agora 
em direção ao sul, até os limites da Antártida, para 
competir pelos estoques remanescentes.
MORA, J. S. Disponível em: www.diplomatique.com.br. Acesso em: 14 jan. 2014.
O problema exposto no texto jornalístico relaciona-se à
A insustentabilidade do modelo de produção e consumo.
B fragilidade ecológica de ecossistemas costeiros.
C inviabilidade comercial dos produtos marinhos.
D mudança natural nos oceanos e mares.
E vulnerabilidade social de áreas pobres.",ciências humanas
"
QUESTÃO 40
A mundialização introduz o aumento da produtividade 
do trabalho sem acumulação de capital, justamente 
pelo caráter divisível da forma técnica molecular-digital 
do que resulta a permanência da má distribuição da 
      
de refrigerantes às portas dos estádios viram sua 
produtividade aumentada graças ao just in time dos 
fabricantes e distribuidores de bebidas, mas para realizar 
o valor de tais mercadorias, a forma do trabalho dos 
vendedores é a mais primitiva. Combinam-se, pois, 
acumulação molecular-digital com o puro uso da força 
de trabalho.
OLIVEIRA, F. Crítica à razão dualista e o ornitorrinco. Campinas: Boitempo, 2003.
Os aspectos destacados no texto afetam diretamente 
questões como emprego e renda, sendo possível explicar 
essas transformações pelo(a)
A crise bancária e o fortalecimento do capital industrial.
B inovação toyotista e a regularização do trabalho 
formal.
C       
estrutura produtiva.
D emergência da globalização e a expansão do 
setor secundário.
E diminuição do tempo de trabalho e a necessidade de 
diploma superior.



CH - 1º dia | Caderno 1 - AZUL - Página 14
*AZUL75SAB14*",ciências humanas
"
QUESTÃO 41
Ser moderno é encontrar-se em um ambiente 
que promete aventura, poder, alegria, crescimento, 
autotransformação e transformação das coisas em 
redor — mas ao mesmo tempo ameaça destruir tudo 
o que temos, tudo o que sabemos, tudo o que somos.
A experiência ambiental da modernidade anula todas as 

nesse sentido, pode-se dizer que a modernidade une a 
espécie humana. Porém, é uma unidade paradoxal, uma 
unidade de desunidade.
BERMAN, M. Tudo que é sólido desmancha no ar: a aventura da modernidade.
 São Paulo: Cia. das Letras, 1986 (adaptado).
O texto apresenta uma interpretação da modernidade que 
a caracteriza como um(a)
A dinâmica social contraditória.
B interação coletiva harmônica.
C fenômeno econômico estável. 
D sistema internacional decadente.
E processo histórico homogeneizador.",ciências humanas
"
QUESTÃO 42
Não estou mais pensando como costumava pensar. 
Percebo isso de modo mais acentuado quando estou 
lendo. Mergulhar num livro, ou num longo artigo, 
costumava ser fácil. Isso raramente ocorre atualmente. 
Agora minha atenção começa a divagar depois de duas 
ou três páginas. Creio que sei o que está acontecendo. 
Por mais de uma década venho passando mais tempo 
on-line, procurando e surfando e algumas vezes 
acrescentando informação à grande biblioteca da 
internet. A internet tem sido uma dádiva para um escritor 
como eu. Pesquisas que antes exigiam dias de procura 
em jornais ou na biblioteca agora podem ser feitas em 
minutos. Como disse o teórico da comunicação Marshall 
McLuhan nos anos 60, a mídia não é apenas um canal 
passivo para o tráfego de informação. Ela fornece a 
matéria, mas também molda o processo de pensamento. 
E o que a net parece fazer é pulverizar minha capacidade 
de concentração e contemplação.
CARR, N. Is Google making us stupid? Disponível em: www.theatlantic.com.
Acesso em: 17 fev. 2013 (adaptado).
Em relação à internet, a perspectiva defendida pelo autor 
ressalta um paradoxo que se caracteriza por
A      
de informações.
B condicionar 
uma 
capacidade 
individual 
à 
desorganização da rede.
C agregar uma tendência contemporânea à aceleração 
do tempo.
D aproximar uma mídia inovadora à passividade da 
recepção.
E equiparar uma ferramenta digital à tecnologia 
analógica.",ciências humanas
"
QUESTÃO 43
Uma scena franco-brazileira: “franco” — pelo local e os 
personagens, o local que é Paris e os personagens que 
são pessôas do povo da grande capital; “brazileira” pelo 
que ahi se está bebendo: café do Brazil. O Lettreiro diz 
a verdade apregoando que esse é o melhor de todos os 
cafés. (Essa página foi desenhada especialmente para 
A Illustração Brazileira pelo Sr. Tofani, desenhista do 
Je Sais Tout.)
A Illustração Brazileira, n. 2, 15 jun. 1909 (adaptado).
A página do periódico do início do século XX documenta 
um importante elemento da cultura francesa, que é 
revelador do papel do Brasil na economia mundial, 
indicado no seguinte aspecto:
A Prestador de serviços gerais.
B Exportador de bens industriais.
C Importador de padrões estéticos.
D Fornecedor de produtos agrícolas.
E Formador de padrões de consumo.



CH - 1º dia | Caderno 1 - AZUL - Página 15
*AZUL75SAB15*",ciências humanas
"
QUESTÃO 44 
Participei de uma entrevista com o músico Renato Teixeira. Certa hora, alguém pediu para listar as 
diferenças entre a música sertaneja antiga e a atual. A resposta dele surpreendeu a todos: “Não há diferença 
alguma. A música caipira sempre foi a mesma. É uma música que espelha a vida do homem no campo, e a 
música não mente. O que mudou não foi a música, mas a vida no campo”. Faz todo sentido: a música caipira 
de raiz exalava uma solidão, um certo distanciamento do país “moderno”. Exigir o mesmo de uma música feita 
hoje, num interior conectado, globalizado e rico como o que temos, é impossível. Para o bem ou para o mal, a 
música reflete seu próprio tempo.
BARCINSKI, A. Mudou a música ou mudaram os caipiras? Folha de São Paulo, 4 jun. 2012 (adaptado).
A questão cultural indicada no texto ressalta o seguinte aspecto socioeconômico do atual campo brasileiro:
A Crescimento do sistema de produção extensiva.
B Expansão de atividades das novas ruralidades.
C Persistência de relações de trabalho compulsório.
D Contenção da política de subsídios agrícolas.
E Fortalecimento do modelo de organização cooperativa.",ciências humanas
"
QUESTÃO 45 

dos economistas, isso representa um alerta para o futuro.
Taxa de fecundidade total
1,9
2,4
2,9
4,4
5,8
1,0
2,0
3,0
4,0
5,0
6,0
BRASIL
China
Coreia do Sul
Portugal
EUA
Japão
Fontes: IBG E e O CDE
2000
1990
1980
1970
2010
Disponível em: http://epoca.globo.com. Acesso em: 20 out. 2015 (adaptado).
             
diminuição da
A oferta de mão de obra nacional.
B média de expectativa de vida.
C disponibilidade de serviços de saúde.
D despesa de natureza previdenciária.
E imigração de trabalhadores q



CN - 1º dia | Caderno 1 - AZUL - Página 16
*AZUL75SAB16*
CIÊNCIAS DA NATUREZA E SUAS 
TECNOLOGIAS
Questões de 46 a 90",ciências humanas
"
QUESTÃO 46 
Em sua formulação, o spray de pimenta contém 
porcentagens variadas de oleorresina de Capsicum,
cujo princípio ativo é a capsaicina, e um solvente
(um álcool como etanol ou isopropanol). Em contato 
com os olhos, pele ou vias respiratórias, a capsaicina 

dor e ardor, levando à cegueira temporária. O processo 
é desencadeado pela liberação de neuropeptídios das 
terminações nervosas.
Como funciona o gás de pimenta. Disponível em: http://pessoas.hsw.uol.com.br.
 Acesso em: 1 mar. 2012 (adaptado).
Quando uma pessoa é atingida com o spray de pimenta 
nos olhos ou na pele, a lavagem da região atingida com 

A 
o ardor.
B solubilidade do princípio ativo em água é muito baixa, 

C permeabilidade da água na pele é muito alta, não 
permitindo a remoção do princípio ativo.
D solubilização do óleo em água causa um maior 
espalhamento além das áreas atingidas.
E ardência faz evaporar rapidamente a água, não 
permitindo que haja contato entre o óleo e o solvente.",ciências da natureza
"
QUESTÃO 47 
A usina de Itaipu é uma das maiores hidrelétricas 
do mundo em geração de energia. Com 20 unidades 
geradoras e 14 000 MW de potência total instalada, 
apresenta uma queda de 118,4 m e vazão nominal de
690 m3/s por unidade geradora. O cálculo da potência 
teórica leva em conta a altura da massa de água represada 
pela barragem, a gravidade local (10 m/s2) e a densidade 
da água (1 000 kg/m3). A diferença entre a potência teórica 
e a instalada é a potência não aproveitada.
Disponível em: www.itaipu.gov.br. Acesso em: 11 maio 2013 (adaptado).
Qual é a potência, em MW, não aproveitada em cada 
unidade geradora de Itaipu?
A 0
B 1,18
C 116,96
D 816,96
E 13 183,04",ciências da natureza
"
QUESTÃO 48 
A coleta das fezes dos animais domésticos em sacolas 
plásticas e o seu descarte em lixeiras convencionais 
podem criar condições de degradação que geram 
produtos prejudiciais ao meio ambiente (Figura 1).
Figura 1
A Figura 2 ilustra o Projeto Park Spark, desenvolvido 
em Cambridge, MA (EUA), em que as fezes dos animais 
domésticos são recolhidas em sacolas biodegradáveis 
e jogadas em um biodigestor instalado em parques 
públicos; e os produtos são utilizados em equipamentos 
no próprio parque.
Figura 2
D isponível em: http://parksparkproject.com. Acesso em: 30 ago. 2013 (adaptado).
Uma inovação desse projeto é possibilitar o(a)
A queima de gás metano.
B armazenamento de gás carbônico.
C decomposição aeróbica das fezes.
D 
E 



CN - 1º dia | Caderno 1 - AZUL - Página 17
*AZUL75SAB17*",ciências da natureza
"
QUESTÃO 49
Uma ambulância A em movimento retílineo e uniforme aproxima-se de um observador O, em repouso. A sirene 
emite um som de frequência constante fA. O desenho ilustra as frentes de onda do som emitido pela ambulância. 

detectada em função do tempo fO(t), antes e depois da passagem da ambulância por ele.
A
O
fO(t) detectada pelo observador?
A
t
fo(t)
fA
D
t
fo(t)
fA
B
t
fo(t)
fA
E
t
fo(t)
fA
C
t
fo(t)
fA",ciências da natureza
"
QUESTÃO 50
O benzeno, um importante solvente para a indústria química, é obtido industrialmente pela destilação do 
petróleo. Contudo, também pode ser sintetizado pela trimerização do acetileno catalisada por ferro metálico sob altas 
temperaturas, conforme a equação química:
3 C2H2 (g)  C6H6 (l)
A energia envolvida nesse processo pode ser calculada indiretamente pela variação de entalpia das reações de 
combustão das substâncias participantes, nas mesmas condições experimentais:
I.
C2H2 (g)  5
2
 O2 (g)  2 CO2 (g)  H2O (l)
Hc° = 310 kcal/mol
II.
C6H6 (l)  15
2
 O2 (g)  6 CO2 (g)  3 H2O (l)
Hc° = 780 kcal/mol
A variação de entalpia do processo de trimerização, em kcal, para a formação de um mol de benzeno é mais próxima de
A 1 090.
B 150.
C 50.
D 157.
E 470.



CN - 1º dia | Caderno 1 - AZUL - Página 18
*AZUL75SAB18*",ciências da natureza
"
QUESTÃO 51
Em meados de 2003, mais de 20 pessoas morreram no Brasil após terem ingerido uma suspensão de sulfato 
de bário utilizada como contraste em exames radiológicos. O sulfato de bário é um sólido pouquíssimo solúvel em 
água, que não se dissolve mesmo na presença de ácidos. As mortes ocorreram porque um laboratório farmacêutico 

a existência de íons bário solúveis poderia ter evitado a tragédia. Esse teste consiste em tratar a amostra com solução 
2SO4

Química Nova, n. 2, 2007 (adaptado).
A presença de íons bário solúveis na amostra é indicada pela
A liberação de calor.
B alteração da cor para rosa.
C precipitação de um sólido branco.
D formação de gás hidrogênio.
E volatilização de gás cloro.",ciências da natureza
"
QUESTÃO 52
Os feromônios são substâncias utilizadas na comunicação entre indivíduos de uma espécie. O primeiro feromônio 
isolado de um inseto foi o bombicol, substância produzida pela mariposa do bicho-da-seda.
O H
Bombicol
O uso de feromônios em ações de controle de insetos-praga está de acordo com o modelo preconizado para a 

determinados cultivos, conforme ilustrado no quadro.
Substância
Inseto
Cultivo
Tomate
Scrobipalpuloides
absoluta
Cana-de-açúcar
Migdolus fryanus
O
NH
Milho
Sitophilus spp
OH
O
Morango
Anthonomus rubi
OH
OCOCH3
Grapholita molesta
OH
Frutas
FERREIRA, J. T. B.; ZARBIN, P. H. G. Amor ao primeiro odor: a comunicação química entre os insetos. Química Nova na Escola, n. 7, maio 1998 (adaptado).
Considerando essas estruturas químicas, o tipo de estereoisomeria apresentada pelo bombicol é também apresentada 
pelo feromônio utilizado no controle do inseto
A Sitophilus spp.
B Migdolus fryanus.
C Anthonomus rubi.
D Grapholita molesta.
E Scrobipalpuloides absoluta.



CN - 1º dia | Caderno 1 - AZUL - Página 19
*AZUL75SAB19*",ciências da natureza
"
QUESTÃO 53
      
processo de produção de etanol utilizando milho como 
matéria-prima.
Levedura
M ilho
CO 2
Etanol
Água
Hidrólise
Ferm entação
A etapa de hidrólise na produção de etanol a partir do 
milho é fundamental para que
A a glicose seja convertida em sacarose.
B as enzimas dessa planta sejam ativadas.
C a maceração favoreça a solubilização em água.
D o amido seja transformado em substratos utilizáveis 
pela levedura.
E os grãos com diferentes composições químicas 
sejam padronizados.",ciências da natureza
"
QUESTÃO 54
Durante a primeira fase do projeto de uma usina de 
geração de energia elétrica, os engenheiros da equipe 
de avaliação de impactos ambientais procuram saber se 
esse projeto está de acordo com as normas ambientais. 
A nova planta estará localizada à beira de um rio, cuja 
temperatura média da água é de 25 °C, e usará a sua 
água somente para refrigeração. O projeto pretende que 
a usina opere com 1,0 MW de potência elétrica e, em 
razão de restrições técnicas, o dobro dessa potência será 
dissipada por seu sistema de arrefecimento, na forma de 
calor. Para atender a resolução número 430, de 13 de 
maio de 2011, do Conselho Nacional do Meio Ambiente, 
com uma ampla margem de segurança, os engenheiros 
determinaram que a água só poderá ser devolvida ao rio 
com um aumento de temperatura de, no máximo, 3 °C 
em relação à temperatura da água do rio captada pelo 

água igual a 4 kJ/(kg °C).

de água, em kg/s, para a refrigeração da usina deve ser 
mais próximo de
A 42.
B 84.
C 167.
D 250.
E 500.",ciências da natureza
"
QUESTÃO 55
       
em decibéis (dB), da onda sonora emitida por um 
alto-falante, que está em repouso, e medida por um 
microfone em função da frequência da onda para 
diferentes distâncias: 3 mm, 25 mm, 51 mm e 60 mm.
A Figura 2 apresenta um diagrama com a indicação das 
diversas faixas do espectro de frequência sonora para o 
modelo de alto-falante utilizado neste experimento.
Figura 1
+20
+10
0
10
20
dB
20
50
100
1000
10000
20000
Hz
3 m m
25 m m
51 m m
60 m m
2
3 4 5 67 9
8
2
3 4 5 67 9
8
Resposta de Frequência
Disponível em: www.batera.com.br. Acesso em: 8 fev. 2015.
Figura 2
Subgrave
G rave
M édia
baixa
M édia
M édia
alta
Aguda
Faixas do espectro de frequência sonora
20 Hz
63 Hz
250 Hz
640 Hz
2,5 kHz
5 kHz
20 kHz
Disponível em: www.somsc.com.br. Acesso em: 2 abr. 2015.
        
como a intensidade sonora percebida é afetada pelo 
aumento da distância do microfone ao alto-falante?
A Aumenta na faixa das frequências médias.
B Diminui na faixa das frequências agudas.
C Diminui na faixa das frequências graves.
D Aumenta na faixa das frequências médias altas.
E Aumenta na faixa das frequências médias baixas.



CN - 1º dia | Caderno 1 - AZUL - Página 20
*AZUL75SAB20*",ciências da natureza
"
QUESTÃO 56
As proteínas de uma célula eucariótica possuem 
peptídeos sinais, que são sequências de aminoácidos 
responsáveis pelo seu endereçamento para as diferentes 
organelas, de acordo com suas funções. Um pesquisador 
desenvolveu uma nanopartícula capaz de carregar 
      
Agora ele quer saber se uma nanopartícula carregada 
com uma proteína bloqueadora do ciclo de Krebs 
in vitro é capaz de exercer sua atividade em uma célula 
cancerosa, podendo cortar o aporte energético e destruir 
essas células.
Ao escolher essa proteína bloqueadora para carregar as 
nanopartículas, o pesquisador deve levar em conta um 
peptídeo sinal de endereçamento para qual organela?
A Núcleo.
B Mitocôndria.
C Peroxissomo.
D Complexo golgiense.
E Retículo endoplasmático.",ciências da natureza
"
QUESTÃO 57
O morcego emite pulsos de curta duração de ondas 
ultrassônicas, os quais voltam na forma de ecos após 
atingirem objetos no ambiente, trazendo informações a 
respeito das suas dimensões, suas localizações e dos 
seus possíveis movimentos. Isso se dá em razão da 
sensibilidade do morcego em detectar o tempo gasto para 
os ecos voltarem, bem como das pequenas variações nas 
frequências e nas intensidades dos pulsos ultrassônicos. 
Essas características lhe permitem caçar pequenas 
presas mesmo quando estão em movimento em relação 
a si. Considere uma situação unidimensional em que uma 
mariposa se afasta, em movimento retilíneo e uniforme, 
de um morcego em repouso.
A distância e velocidade da mariposa, na situação descrita, 
seriam detectadas pelo sistema de um morcego por quais 
alterações nas características dos pulsos ultrassônicos?
A Intensidade diminuída, o tempo de retorno aumentado 
e a frequência percebida diminuída.
B Intensidade aumentada, o tempo de retorno diminuído 
e a frequência percebida diminuída.
C Intensidade diminuída, o tempo de retorno diminuído 
e a frequência percebida aumentada.
D Intensidade diminuída, o tempo de retorno aumentado 
e a frequência percebida aumentada.
E Intensidade 
aumentada, 
o 
tempo 
de 
retorno 
aumentado e a frequência percebida aumentada.",ciências da natureza
"
QUESTÃO 58
A minimização do tempo e custo de uma reação 
química, bem como o aumento na sua taxa de conversão, 

consequência, produtos podem chegar ao consumidor 

de uma reação química é o seu rendimento molar (R, em %), 

R = 
nproduto
× 100
nreagente limitante
em que n corresponde ao número de mols. O metanol 
pode ser obtido pela reação entre brometo de metila e 
hidróxido de sódio, conforme a equação química:
CH3Br  NaOH  CH3OH  NaBr
As massas molares (em g/mol) desses elementos 
são: H = 1; C = 12; O = 16; Na = 23; Br = 80.
O rendimento molar da reação, em que 32 g de metanol 
foram obtidos a partir de 142,5 g de brometo de metila e 
80 g de hidróxido de sódio, é mais próximo de
A 22%.
B 40%.
C 50%.
D 67%.
E 75%.



CN - 1º dia | Caderno 1 - AZUL - Página 21
*AZUL75SAB21*",ciências da natureza
"
QUESTÃO 59
     

em circuitos desenhados no papel, com o uso de lápis e 
lapiseiras. Dependendo da espessura e do comprimento 
das linhas desenhadas, é possível determinar a resistência 
elétrica de cada traçado produzido. No esquema foram 
utilizados três tipos de lápis diferentes (2H, HB e 6B) para 
efetuar três traçados distintos.
2H
HB
6B
Munido dessas informações, um estudante pegou 
uma folha de papel e fez o desenho de um sorvete de 
casquinha utilizando-se desses traçados. Os valores 
encontrados nesse experimento, para as resistências 
elétricas (R), medidas com o auxílio de um ohmímetro 
ligado nas extremidades das resistências, são mostrados 
       
Lei de Ohm.
A
B
C




Na sequência, conectou o ohmímetro nos terminais 
A e B do desenho e, em seguida, conectou-o nos terminais 
B e C, anotando as leituras RAB e RBC, respectivamente. 
Ao estabelecer a razão 
R AB
R BC
, qual resultado o estudante
obteve?
A 1
B
4
7
C
10
27
D
14
81
E
4
81",ciências da natureza
"
QUESTÃO 60
O carvão ativado é um material que possui elevado 
teor de carbono, sendo muito utilizado para a remoção de 
compostos orgânicos voláteis do meio, como o benzeno. 
Para a remoção desses compostos, utiliza-se a adsorção. 
Esse fenômeno ocorre por meio de interações do tipo 
intermoleculares entre a superfície do carvão (adsorvente) 
e o benzeno (adsorvato, substância adsorvida).
No caso apresentado, entre o adsorvente e a substância 
adsorvida ocorre a formação de:
A Ligações dissulfeto.
B Ligações covalentes.
C Ligações de hidrogênio.
D Interações dipolo induzido – dipolo induzido.
E Interações dipolo permanente – dipolo permanente.



CN - 1º dia | Caderno 1 - AZUL - Página 22
*AZUL75SAB22*",ciências da natureza
"
QUESTÃO 61
Um pesquisador investigou o papel da predação 
por peixes na densidade e tamanho das presas, como 
possível controle de populações de espécies exóticas 
em costões rochosos. No experimento colocou uma tela 
sobre uma área da comunidade, impedindo o acesso dos 
peixes ao alimento, e comparou o resultado com uma 
área adjacente na qual os peixes tinham acesso livre. 
O quadro apresenta os resultados encontrados após
15 dias de experimento.
Espécie
exótica
Área com tela
Área sem tela
Densidade
(indivíduos/
m²)
Tamanho 
médio dos 
indivíduos
(cm)
Densidade
(indivíduos/
m²)
Tamanho 
médio dos
indivíduos
(cm)
Alga
100
15
110
18
Craca
300
2
150
1,5
Mexilhão
380
3
200
6
Ascídia
55
4
58
3,8
O pesquisador concluiu corretamente que os peixes 
controlam a densidade dos(as)
A algas, estimulando seu crescimento.
B cracas, predando especialmente animais pequenos.
C mexilhões, predando especialmente animais pequenos.
D quatro espécies testadas, predando indivíduos 
pequenos.
E ascídias, apesar de não representarem os menores 
organismos.",ciências da natureza
"
QUESTÃO 62
Ao percorrer o trajeto de uma cadeia alimentar, o 
carbono, elemento essencial e majoritário da matéria 
orgânica que compõe os indivíduos, ora se encontra 
em sua forma inorgânica, ora se encontra em sua 
forma orgânica. Em uma cadeia alimentar composta por 

ocorre a transição desse elemento da forma inorgânica 
para a orgânica.
Em qual grupo de organismos ocorre essa transição?
A Fitoplâncton.
B Zooplâncton.
C Moluscos.
D Crustáceos.
E Peixes.",ciências da natureza
"
QUESTÃO 63
Dois veículos que trafegam com velocidade 
constante em uma estrada, na mesma direção e 
sentido, devem manter entre si uma distância mínima. 
Isso porque o movimento de um veículo, até que ele 
pare totalmente, ocorre em duas etapas, a partir do 
momento em que o motorista detecta um problema que 
exige uma freada brusca. A primeira etapa é associada 
à distância que o veículo percorre entre o intervalo de 
tempo da detecção do problema e o acionamento dos 
freios. Já a segunda se relaciona com a distância que 
o automóvel percorre enquanto os freios agem com 
desaceleração constante.
      
representa a velocidade do automóvel em relação à 
distância percorrida até parar totalmente?
A
Velocidade (m /s)
Distância (m )
B
Velocidade (m /s)
Distância (m )
C
Velocidade (m /s)
Distância (m )
D
Velocidade (m /s)
Distância (m )
E
Velocidade (m /s)
Distância (m )



CN - 1º dia | Caderno 1 - AZUL - Página 23
*AZUL75SAB23*",ciências da natureza
"
QUESTÃO 64
TEXTO I
Biocélulas 
combustíveis 
são 
uma 
alternativa 
tecnológica para substituição das baterias convencionais. 
Em uma biocélula microbiológica, bactérias catalisam 
reações de oxidação de substratos orgânicos. Liberam 
elétrons produzidos na respiração celular para um 

do sistema, produzindo corrente elétrica. Uma reação 
típica que ocorre em biocélulas microbiológicas utiliza o 
acetato como substrato.
AQUINO NETO, S. Preparação e caracterização de bioanodos para biocélula a combustível 
etanol/O2. Disponível em: www.teses.usp.br. Acesso em: 23 jun. 2015 (adaptado).
TEXTO II
Em 
sistemas 
bioeletroquímicos, 
os 
potenciais 
padrão 
(E°’) 
apresentam 
valores 
característicos.
Para as biocélulas de acetato, considere as seguintes 
semirreações de redução e seus respectivos potenciais:
2 CO2  7 H+  8 e CH3COO  2 H2O
E°’ = 0,3 V
O2  4 H+  4 e  2 H2O
E°’ = 0,8 V
SCOTT, K.; YU, E. H. Microbial electrochemical and fuel cells: fundamentals and 
applications. Woodhead Publishing Series in Energy, n. 88, 2016 (adaptado).
Nessas condições, qual é o número mínimo de biocélulas 
de acetato, ligadas em série, necessárias para se obter 
uma diferença de potencial de 4,4 V?
A 3
B 4
C 6
D 9
E 15",ciências da natureza
"
QUESTÃO 65
A formação de coágulos sanguíneos em veias e 
artérias é um dos fatores responsáveis pela ocorrência 
de doenças cardiovasculares, como varizes, infarto 
e acidentes vasculares cerebrais. A prevenção e o 
tratamento dessas doenças podem ser feitos com drogas 
anticoagulantes. A indústria farmacêutica estimula a 
pesquisa de toxinas animais com essa propriedade.
Considerando as adaptações relacionadas aos hábitos 
alimentares, os animais adequados ao propósito dessas 
pesquisas são os(as)
A 
B moscas saprófagas.
C pássaros carnívoros.
D morcegos frugívoros.
E mosquitos hematófagos.",ciências da natureza
"
QUESTÃO 66
A invenção e o acoplamento entre engrenagens 
revolucionaram a ciência na época e propiciaram a 
invenção de várias tecnologias, como os relógios.
Ao construir um pequeno cronômetro, um relojoeiro 
usa o sistema de engrenagens mostrado. De acordo 
          
as engrenagens fazendo o ponteiro girar. A frequência 
do motor é de 18 RPM, e o número de dentes das 
engrenagens está apresentado no quadro.
Engrenagem
Dentes
A
24
B
72
C
36
D
108
A frequência de giro do ponteiro, em RPM, é
A 1.
B 2.
C 4.
D 81.
E 162.



CN - 1º dia | Caderno 1 - AZUL - Página 24
*AZUL75SAB24*",ciências da natureza
"
QUESTÃO 67
Primeiro, em relação àquilo a que chamamos água, 
quando congela, parece-nos estar a olhar para algo 
que se tornou pedra ou terra, mas quando derrete e se 
dispersa, esta torna-se bafo e ar; o ar, quando é queimado, 
torna-se fogo; e, inversamente, o fogo, quando se contrai 
e se extingue, regressa à forma do ar; o ar, novamente 
concentrado e contraído, torna-se nuvem e nevoeiro, mas, 
a partir destes estados, se for ainda mais comprimido, 
torna-se água corrente, e de água torna-se novamente 
terra e pedras; e deste modo, como nos parece, dão 
geração uns aos outros de forma cíclica.
PLATÃO. Timeu-Crítias. Coimbra: CECH, 2011.
Do ponto de vista da ciência moderna, os “quatro 
elementos” descritos por Platão correspondem, na 
verdade, às fases sólida, líquida, gasosa e plasma da 
matéria. As transições entre elas são hoje entendidas 
como consequências macroscópicas de transformações 
sofridas pela matéria em escala microscópica.
Excetuando-se a fase de plasma, essas transformações 
sofridas pela matéria, em nível microscópico, estão 
associadas a uma
A troca de átomos entre as diferentes moléculas do 
material.
B transmutação nuclear dos elementos químicos do 
material.
C redistribuição de prótons entre os diferentes átomos 
do material.
D mudança na estrutura espacial formada pelos 
diferentes constituintes do material.
E alteração nas proporções dos diferentes isótopos de 
cada elemento presente no material.",ciências da natureza
"
QUESTÃO 68
Para cada litro de etanol produzido em uma 
indústria de cana-de-açúcar são gerados cerca de 18 L 
de vinhaça que é utilizada na irrigação das plantações 
de cana-de-açúcar, já que contém teores médios de 
nutrientes N, P e K iguais a 357 mg/L, 60 mg/L e 2 034 mg/L, 
respectivamente.
SILVA, M. A. S.; GRIEBELER, N. P.; BORGES, L. C. Uso de vinhaça e impactos nas 
propriedades do solo e lençol freático. Revista Brasileira de Engenharia
 Agrícola e Ambiental, n. 1, 2007 (adaptado).
Na produção de 27 000 L de etanol, a quantidade total 
de fósforo, em kg, disponível na vinhaça será mais 
próxima de
A 1.
B 29.
C 60.
D 170.
E 1 000.",ciências da natureza
"
QUESTÃO 69
Recentemente um estudo feito em campos de trigo 
mostrou que níveis elevados de dióxido de carbono na 
atmosfera prejudicam a absorção de nitrato pelas plantas. 
Consequentemente, a qualidade nutricional desses 
alimentos pode diminuir à medida que os níveis de dióxido 
de carbono na atmosfera atingirem as estimativas para as 
próximas décadas.
BLOOM, A. J. et al. Nitrate assimilation is inhibited by elevated CO2
Nature Climate Change, n. 4, abr. 2014 (adaptado).
Nesse contexto, a qualidade nutricional do grão de trigo 

A amido.
B frutose.
C lipídeos.
D celulose.
E proteínas.",ciências da natureza
"
QUESTÃO 70
Pesquisadores recuperaram DNA de ossos de 
mamute (Mammuthus primigenius) encontrados na 
Sibéria, que tiveram sua idade de cerca de 28 mil anos 

FAPESP. DNA de mamute é revelado. Disponível em: http://agencia.fapesp.br.
Acesso em: 13 ago. 2012 (adaptado).
A técnica de datação apresentada no texto só é possível 
devido à
A proporção conhecida entre carbono-14 e carbono-12 
na atmosfera ao longo dos anos. 
B decomposição de todo o carbono-12 presente no 
organismo após a morte. 
C       
organismos após a morte.
D emissão de carbono-12 pelos tecidos de organismos 
após a morte.
E transformação do carbono-12 em carbono-14 ao 
longo dos anos.



CN - 1º dia | Caderno 1 - AZUL - Página 25
*AZUL75SAB25*",ciências da natureza
"
QUESTÃO 71
A vegetação apresenta adaptações ao ambiente, 
como plantas arbóreas e arbustivas com raízes que se 
expandem horizontalmente, permitindo forte ancoragem 
no substrato lamacento; raízes que se expandem 
verticalmente, por causa da baixa oxigenação do 
substrato; folhas que têm glândulas para eliminar o 
excesso de sais; folhas que podem apresentar cutícula 
espessa para reduzir a perda de água por evaporação.
As características descritas referem-se a plantas 
adaptadas ao bioma:
A Cerrado.
B Pampas.
C Pantanal.
D Manguezal.
E Mata de Cocais.",ciências da natureza
"
QUESTÃO 72
Uma pessoa é responsável pela manutenção de uma 
sauna úmida. Todos os dias cumpre o mesmo ritual: colhe 
folhas de capim-cidreira e algumas folhas de eucalipto. 
Em seguida, coloca as folhas na saída do vapor da sauna, 

Parede
Sauna úm ida
G erador de vapor
Saída do vapor
Folhas
Qual processo de separação é responsável pela 
aromatização promovida?
A Filtração simples.
B Destilação simples.
C Extração por arraste.
D Sublimação fracionada.
E Decantação sólido-líquido.",ciências da natureza
"
QUESTÃO 73
Os ecossistemas degradados por intensa atividade 
agrícola apresentam, geralmente, diminuição de sua 
diversidade e perda de sua estabilidade. Nesse contexto, 
o uso integrado de árvores aos sistemas agrícolas 

ao buscar a aceleração do processo sucessional e, ao 

Disponível em: saf.cnpgc.embrapa.br. Acesso em: 21 jan. 2012 (adaptado).
Essa é uma estratégia de conciliação entre recuperação 
ambiental e produção agrícola, pois
A substitui gradativamente as espécies cultiváveis por 
espécies arbóreas.
B 
apropriadas e biocidas.
C promove maior diversidade de vida no solo com o 
aumento da matéria orgânica.
D favorece a dispersão das sementes cultivadas pela 

E cria condições para o estabelecimento de espécies 
pioneiras com a diminuição da insolação sobre o solo.",ciências da natureza
"
QUESTÃO 74
Três lâmpadas idênticas foram ligadas no circuito 
esquematizado. A bateria apresenta resistência interna 
      
Um técnico fez uma análise do circuito para prever a 
corrente elétrica nos pontos: A, B, C, D e E; e rotulou 
essas correntes de IA, IB, IC, ID e IE, respectivamente.
A
B
C
E
D
V
L1
L2
L3
O técnico concluiu que as correntes que apresentam o 
mesmo valor são
A IA = IE e IC = ID.
B IA = IB = IE e IC = ID.
C IA = IB, apenas.
D IA = IB = IE, apenas.
E IC = IB, apenas.



CN - 1º dia | Caderno 1 - AZUL - Página 26
*AZUL75SAB26*",ciências da natureza
"
QUESTÃO 75

CORREIA, S. Teoria da tensão-coesão-adesão. Revista de Ciência Elementar, n. 1, 2014 (adaptado).
Mesmo que essa planta viesse a sofrer ação contínua do vento e sua copa crescesse voltada para baixo, essa 
seiva continuaria naturalmente seu percurso.
O que garante o transporte dessa seiva é a
A gutação.
B gravidade.
C respiração.
D fotossíntese.
E transpiração.",ciências da natureza
"
QUESTÃO 76
) são bases de Lewis que reagem com haletos de alquila, por meio de uma reação chamada 
substituição nucleofílica (SN), como mostrado no esquema:
R–X + Nu  R–Nu + X
(R = grupo alquila e X = halogênio)
A reação de SN entre metóxido de sódio (Nu= CH3O) e brometo de metila fornece um composto orgânico pertencente 
à função
A éter.
B éster.
C álcool.
D haleto.
E hidrocarboneto.



CN - 1º dia | Caderno 1 - AZUL - Página 27
*AZUL75SAB27*",ciências da natureza
"
QUESTÃO 77
O trilho de ar é um dispositivo utilizado em laboratórios de física para analisar movimentos em que corpos de prova 

que se realiza um experimento para obter a massa do carrinho 2. No instante em que o carrinho 1, de massa 150,0 g,
passa a se mover com velocidade escalar constante, o carrinho 2 está em repouso. No momento em que o carrinho 1 
se choca com o carrinho 2, ambos passam a se movimentar juntos com velocidade escalar constante. Os sensores 
eletrônicos distribuídos ao longo do trilho determinam as posições e registram os instantes associados à passagem de 
cada carrinho, gerando os dados do quadro.
sensor 1
sensor 2
sensor 3
sensor 4
carrinho 1
carrinho 2
Carrinho 1
Carrinho 2
Posição (cm)
Instante (s)
Posição (cm)
Instante (s)
15,0
0,0
45,0
0,0
30,0
1,0
45,0
1,0
75,0
8,0
75,0
8,0
90,0
11,0
90,0
11,0
Com base nos dados experimentais, o valor da massa do carrinho 2 é igual a
A 50,0 g.
B 250,0 g.
C 300,0 g.
D 450,0 g.
E 600,0 g.",ciências da natureza
"
QUESTÃO 78
Após seu desgaste completo, os pneus podem ser queimados para a geração de energia. Dentre os gases gerados 
na combustão completa da borracha vulcanizada, alguns são poluentes e provocam a chuva ácida. Para evitar que 
escapem para a atmosfera, esses gases podem ser borbulhados em uma solução aquosa contendo uma substância 
adequada. Considere as informações das substâncias listadas no quadro.
Substância
Equilíbrio em solução aquosa
Valor da constante de equilíbrio
Fenol
C6H5OH + H2O 
  C6H5O + H3O+
1,3  1010
Piridina
C5H5N + H2O 
  C5H5NH+ + OH
1,7  109
Metilamina
CH3NH2 + H2O 
  CH3NH3
+ + OH
4,4  104
Hidrogenofosfato de potássio
HPO4
2 + H2O 
  H2PO4
 + OH
2,8  102
Hidrogenosulfato de potássio
HSO4
 + H2O 
  SO4
2 + H3O+
3,1  102

A fenol.
B piridina.
C metilamina.
D hidrogenofosfato de potássio.
E hidrogenosulfato de potássio.



CN - 1º dia | Caderno 1 - AZUL - Página 28
*AZUL75SAB28*",ciências da natureza
"
QUESTÃO 79
Vários métodos são empregados para prevenção de infecções por microrganismos. Dois desses métodos utilizam 
microrganismos vivos e são eles: as vacinas atenuadas, constituídas por patógenos avirulentos, e os probióticos que 

ação dos probióticos no intestino de um animal.
McALLISTER, T. A. et al. Review: The use of direct fed microbials to mitigate pathogens and enhance production in cattle. Can. J. Anim. Sci., jan. 2011 (adaptado).
Qual mecanismo de ação desses probióticos promove um efeito similar ao da vacina?
A 5
B 4
C 3
D 2
E 1",ciências da natureza
"
QUESTÃO 80
O Painel Intergovernamental de Mudanças Climáticas (na sigla em inglês, IPCC) prevê que nas próximas décadas 
o planeta passará por mudanças climáticas e propõe estratégias de mitigação e adaptação a elas. As estratégias de 
mitigação são direcionadas à causa dessas mudanças, procurando reduzir a concentração de gases de efeito estufa 
na atmosfera. As estratégias de adaptação, por sua vez, são direcionadas aos efeitos dessas mudanças, procurando 
preparar os sistemas humanos às mudanças climáticas já em andamento, de modo a reduzir seus efeitos negativos.
IPCC, 2014. Climate Change 2014: synthesis report. Disponível em: http://ar5-syr.ipcc.ch. Acesso em: 22 out. 2015 (adaptado). 
Considerando as informações do texto, qual ação representa uma estratégia de adaptação?
A Construção de usinas eólicas. 
B Tratamento de resíduos sólidos.
C 
D Adoção de agricultura sustentável de baixo carbono.
E Criação de diques de contenção em regiões costeiras.



CN - 1º dia | Caderno 1 - AZUL - Página 29
*AZUL75SAB29*",ciências da natureza
"
QUESTÃO 81
        
planejamento de um fármaco. Ela mede o grau de 


X = O H   (Testosterona)
X = H
(Com posto 1)
X = CH 3 (Com posto 2)
CH 3
CH 3
H
H
H
O
X
NOGUEIRA, L. J.; MONTANARI, C. A.; DONNICI, C. L. Histórico da evolução da química medicinal 

de Hansch. Revista Virtual de Química, n. 3, 2009 (adaptado).


A 
B 
C 
D 
E ",ciências da natureza
"
QUESTÃO 82
      
tecnológico na Antiguidade, a polia composta ou a associação 
de polias, é atribuída a Arquimedes (287 a.C. a 212 a.C.). 
O aparato consiste em associar uma série de polias 

possível para esse aparato. É relatado que Arquimedes 
teria demonstrado para o rei Hierão um outro arranjo 
desse aparato, movendo sozinho, sobre a areia da praia, 
um navio repleto de passageiros e cargas, algo que 
seria impossível sem a participação de muitos homens. 
Suponha que a massa do navio era de 3 000 kg, que o 

de 0,8 e que Arquimedes tenha puxado o navio com uma
força F

, paralela à direção do movimento e de módulo 
           
aceleração da gravidade igual a 10 m/s2 e que a superfície 
da praia é perfeitamente horizontal.
F
Disponível em: www.histedbr.fae.unicamp.br. Acesso em: 28 fev. 2013 (adaptado).
O número mínimo de polias móveis usadas, nessa 
situação, por Arquimedes foi
A 3.
B 6.
C 7.
D 8.
E 10.",ciências da natureza
"
QUESTÃO 83
O Brasil possui um grande número de espécies 
distintas entre animais, vegetais e microrganismos 
envoltos em uma imensa complexidade e distribuídas em 
uma grande variedade de ecossistemas.
SANDES, A. R. R.; BLASI, G. Biodiversidade e diversidade química e genética.
 Disponível em: http://novastecnologias.com.br. Acesso em: 22 set. 2015 (adaptado).
O incremento da variabilidade ocorre em razão da 
permuta genética, a qual propicia a troca de segmentos 
entre cromátides não irmãs na meiose.
Essa troca de segmentos é determinante na 
A produção de indivíduos mais férteis.
B transmissão de novas características adquiridas.
C recombinação genética na formação dos gametas.
D ocorrência de mutações somáticas nos descendentes.
E variação do número de cromossomos característico 
da espécie.",ciências da natureza
"
QUESTÃO 84
Num experimento, um professor deixa duas bandejas 
de mesma massa, uma de plástico e outra de alumínio, 
sobre a mesa do laboratório. Após algumas horas, ele 
pede aos alunos que avaliem a temperatura das duas 

categoricamente, que a bandeja de alumínio encontra-se 
numa temperatura mais baixa. Intrigado, ele propõe uma 
segunda atividade, em que coloca um cubo de gelo sobre 
cada uma das bandejas, que estão em equilíbrio térmico 
com o ambiente, e os questiona em qual delas a taxa de 
derretimento do gelo será maior.
O aluno que responder corretamente ao questionamento 
do professor dirá que o derretimento ocorrerá
A mais rapidamente na bandeja de alumínio, pois 
ela tem uma maior condutividade térmica que a 
de plástico.
B mais rapidamente na bandeja de plástico, pois ela 
tem inicialmente uma temperatura mais alta que a 
de alumínio.
C mais rapidamente na bandeja de plástico, pois ela tem 
uma maior capacidade térmica que a de alumínio.
D mais rapidamente na bandeja de alumínio, pois ela 

E com a mesma rapidez nas duas bandejas, pois 
apresentarão a mesma variação de temperatura.



CN - 1º dia | Caderno 1 - AZUL - Página 30
*AZUL75SAB30*",ciências da natureza
"
QUESTÃO 85
Os tensoativos são compostos capazes de interagir com substâncias polares e apolares. A parte iônica dos 
tensoativos interage com substâncias polares, e a parte lipofílica interage com as apolares. A estrutura orgânica de um 
tensoativo pode ser representada por:
CH2
C
O
-
Fórm ula estrutural
do tensoativo
Representação
esquem ática
CH2
CH2
CH2
CH2
CH2
CH2
CH2
CH2
CH2
CH2
CH2
CH2
CH2
CH2
CH2
O
H 3C
Ao adicionar um tensoativo sobre a água, suas moléculas formam um arranjo ordenado.
Esse arranjo é representado esquematicamente por:
A
Nível
da
água
B
Nível
da
água
C
Nível
da
água
D
Nível
da
água
E
Nível
da
água",ciências da natureza
"
QUESTÃO 86
Um experimento para comprovar a natureza ondulatória da radiação de micro-ondas foi realizado da seguinte 
forma: anotou-se a frequência de operação de um forno de micro-ondas e, em seguida, retirou-se sua plataforma 
giratória. No seu lugar, colocou-se uma travessa refratária com uma camada grossa de manteiga. Depois disso, o 
forno foi ligado por alguns segundos. Ao se retirar a travessa refratária do forno, observou-se que havia três pontos 
de manteiga derretida alinhados sobre toda a travessa. Parte da onda estacionária gerada no interior do forno é 

I
II
III
IV
V

A I e III
B I e V
C II e III
D II e IV
E II e V



CN - 1º dia | Caderno 1 - AZUL - Página 31
*AZUL75SAB31*",ciências da natureza
"
QUESTÃO 87
Portadores de diabetes insipidus reclamam da 
       
dois tipos de diabetes: mellitus e insipidus. Enquanto 
o primeiro tipo está associado aos níveis ou à ação da 

hormônio. O diabetes insipidus é caracterizado por um 
distúrbio na produção ou no funcionamento do hormônio 
antidiurético (na sigla em inglês, ADH), secretado pela 

túbulos renais.
Tendo em vista o papel funcional do ADH, qual é 
um sintoma clássico de um paciente acometido por 
diabetes insipidus?
A Alta taxa de glicose no sangue.
B Aumento da pressão arterial.
C Ganho de massa corporal.
D Anemia crônica.
E Desidratação.",ciências da natureza
"
QUESTÃO 88
A magnetohipertermia é um procedimento terapêutico 
que se baseia na elevação da temperatura das células 

por um tumor. Nesse tipo de tratamento, nanopartículas 
magnéticas são fagocitadas pelas células tumorais, e 
um campo magnético alternado externo é utilizado para 
promover a agitação das nanopartículas e consequente 
aquecimento da célula.
A elevação de temperatura descrita ocorre porque
A o campo magnético gerado pela oscilação das 
nanopartículas é absorvido pelo tumor.
B o campo magnético alternado faz as nanopartículas 
girarem, transferindo calor por atrito.
C as nanopartículas interagem magneticamente com as 
células do corpo, transferindo calor.
D o campo magnético alternado fornece calor para as 
nanopartículas que o transfere às células do corpo.
E as nanopartículas são aceleradas em um único sentido 
em razão da interação com o campo magnético, 
fazendo-as colidir com as células e transferir calor.",ciências da natureza
"
QUESTÃO 89
O aquecimento de um material por irradiação com 
micro-ondas ocorre por causa da interação da onda 
eletromagnética com o dipolo elétrico da molécula.
Um importante atributo do aquecimento por micro-ondas 
é a absorção direta da energia pelo material a ser 
aquecido. Assim, esse aquecimento é seletivo e 
dependerá, principalmente, da constante dielétrica e da 

taxa de aquecimento de cinco solventes sob irradiação 
de micro-ondas.
Água
M etanol
Etanol
Propanol
n-Hexano
0          10         20         30        40         50         60         70         80
100
80
60
40
20
Tem peratura (°C)
Tem po (s)
BARBOZA, A. C. R. N. et al. Aquecimento em forno de micro-ondas. Desenvolvimento de 
alguns conceitos fundamentais. Química Nova, n. 6, 2001 (adaptado).
No gráfico, qual solvente apresenta taxa média de 
aquecimento mais próxima de zero, no intervalo de 
0 s a 40 s?
A H2O
B CH3OH
C CH3CH2OH
D CH3CH2CH2OH
E CH3CH2CH2CH2CH2CH3",ciências da natureza
"
QUESTÃO 91 
Disponível em: www.seton.com. Acesso em: 28 fev. 2012.
Placas como a da gravura são usadas para orientar 
os usuários de um espaço urbano. Essa placa, 
especificamente, tem a função de avisar que somente
A as despesas feitas com estacionamento são 
deduzidas.
B os donos de carro entram no estacionamento do 
parque.
C o proprietário autoriza a validação do estacionamento.
D os rebocadores precisam de permissão para entrar 
no local.
E os veículos autorizados podem estacionar naquela 
área.",UNDEFINED
"
QUESTÃO 92 
The art of happiness
Nearly every time you see him, he’s laughing or at 
least smiling. And he makes everyone else around him 
feel like smiling. He’s the Dalai Lama, the spiritual and 
temporal leader of Tibet, a Nobel Prize winner, and an 
increasingly popular speaker and statesman. Why is he 
so popular? Even after spending only a few minutes in 
his presence you can’t help feeling happier. If you ask 
him if he’s happy, even though he’s suffered the loss of 
his country, the Dalai Lama will give you an unconditional 
yes. What’s more, he’ll tell you that happiness is the 
purpose of life, and that “the very motion of our life is 
towards happiness”. How to get there has always been 
the question. He’s tried to answer it before, but he’s never 
had the help of a psychiatrist to get the message across in 
a context we can easily understand.
LAMA, D.; CUTLER, H. The Art of Happiness: a handbook for living. Putnam Books, 1998.
Pelo título e pela sinopse do livro de Lama e Cutler, 
constata-se que o tema da obra é
A o sucesso dos autores no Tibet. 
B a busca da felicidade no cotidiano.
C o Prêmio Nobel recebido por Lama.
D a liderança de Dalai Lama no Tibet.
E a discussão de Lama e seu psiquiatra.",UNDEFINED
"
QUESTÃO 93 
Cyberbullying is harassment through electronic 
means such as telephone text messages, social media 
such as Facebook and Twitter or online blogs and bulletin 
boards. In normal bullying, students are given a daily 
break from the torment as bully and victim each go to their 
separate homes. But for victims of cyberbullying, there is 
no reprieve, as the abuse enters into their private lives. In 
the US, there are at least 44 states that have anti-bullying 
laws on the books. While only six of them use the actual 
word “cyberbullying”, 31 others have laws that specifically 
mention “electronic harassment”.
Prosecution in the UK is a little more difficult. While 
all schools are required to have anti-bullying policies 
in place, cyberbullying itself is not named as a criminal 
offence. Offenders in the UK would have to be charged 
under various other laws, including the Protection from 
Harassment Act of 2003. This makes prosecution much 
more difficult.
Authorities agree that in order to stop cyberbullying, 
there has to be parental involvement. Parents need to 
be vigilant about their children’s access to technology. 
They should monitor their children’s use of social media, 
especially children under the age of 14. Bullies are not 
going to simply disappear, but parents can go a long way 
in protecting their children from being bullied.
Go! English, ano II, n. 14 (fragmento).
De acordo com o texto, nos Estados Unidos, alguns estados 
têm leis específicas para assédio via meios eletrônicos. 
Já no Reino Unido, a instauração de processos contra 
praticantes de cyberbullying é mais difícil porque
A as vítimas precisam recorrer a outras leis existentes, 
pois o cyberbullying não é considerado crime.
B as leis que regulamentam o uso da internet e dos 
meios eletrônicos de comunicação são inexistentes.
C os pais das vítimas não têm interesse em denunciar 
os agressores de seus filhos às autoridades 
competentes.
D os estudantes com idade inferior a 18 anos não 
podem sofrer acusações de prática de cyberbullying 
ou bullying.
E as leis como a de Proteção contra Atos de Assédio de 
2003 estabelecem que o cyberbullying não é crime.
*CINZ25DOM3*



2013
LC - 2º dia | Caderno 6 - CINZA - Página 4",UNDEFINED
"
QUESTÃO 94 
Disponível em: www.arcamax.com. Acesso em: 26 fev. 2012.
Tirinhas são construídas a partir de contextos sociais e podem promover reflexões diversas. Essa tirinha provoca no 
leitor uma reflexão acerca da
A divisão de espaço com os pais.
B perda da atenção dos pais.
C submissão aos pais.
D ausência dos pais.
E semelhança com os pais.",UNDEFINED

"
Questão 179                                                                    
Ronaldo é um garoto que adora brincar com números. 
Numa dessas brincadeiras, empilhou caixas numeradas 
de acordo com a sequência conforme mostrada no 
esquema a seguir.
 
 
 
1 
 
 
 
 
1
2
1 
 
1
2
3
2
1
1
2
3
4
3
2          1
 
 
 
... 
 
 
Ele percebeu que a soma dos números em cada 
linha tinha uma propriedade e que, por meio dessa 
propriedade, era possível prever a soma de qualquer 
linha posterior às já construídas.
A partir dessa propriedade, qual será a soma da 9ª linha 
da sequência de caixas empilhadas por Ronaldo?
9
45
64
81
285",matemática
